<?xml version="1.0" encoding="UTF-8"?>
<rss version="2.0" xmlns:atom="http://www.w3.org/2005/Atom">
	<channel>
		<title>“Lijun Yu's Blog” - Articles</title>
		<description>Everything about Lijun Yu.</description>
		<link>http://helloourworld.github.io</link>
		<atom:link href="http://helloourworld.github.io/feed.articles.xml" rel="self" type="application/rss+xml" />
		
			
			<item>
				<title>Hadoop Tutorial ---- Spark入门实战系列--1.Spark及其生态圈简介</title>
				
					<description>&lt;h2 id=&quot;site&quot;&gt;Site&lt;/h2&gt;

</description>
				
				<pubDate>Wed, 17 Aug 2016 00:00:00 +0800</pubDate>
				<link>http://helloourworld.github.io/hadoop_tutorial_3</link>
				<guid isPermaLink="true">http://helloourworld.github.io/hadoop_tutorial_3</guid>
			</item>
			
		
			
			<item>
				<title>Hadoop Tutorial ---- Components Required</title>
				
					<description>&lt;h2 id=&quot;section&quot;&gt;大数据培训&lt;/h2&gt;

</description>
				
				<pubDate>Wed, 17 Aug 2016 00:00:00 +0800</pubDate>
				<link>http://helloourworld.github.io/hadoop_tutorial_1</link>
				<guid isPermaLink="true">http://helloourworld.github.io/hadoop_tutorial_1</guid>
			</item>
			
		
			
			<item>
				<title>LDA</title>
				
					<description>&lt;h2 id=&quot;lda&quot;&gt;LDA&lt;/h2&gt;

</description>
				
				<pubDate>Fri, 12 Aug 2016 00:00:00 +0800</pubDate>
				<link>http://helloourworld.github.io/LDA</link>
				<guid isPermaLink="true">http://helloourworld.github.io/LDA</guid>
			</item>
			
		
			
			<item>
				<title>Hadoop Mesos</title>
				
					<description>&lt;h2 id=&quot;mesosyarn&quot;&gt;mesos和yarn区别&lt;/h2&gt;

</description>
				
				<pubDate>Fri, 12 Aug 2016 00:00:00 +0800</pubDate>
				<link>http://helloourworld.github.io/hadoop_family_mesos</link>
				<guid isPermaLink="true">http://helloourworld.github.io/hadoop_family_mesos</guid>
			</item>
			
		
			
			<item>
				<title>Hadoop Learn Guide</title>
				
					<description>&lt;h2 id=&quot;section&quot;&gt;前言&lt;/h2&gt;

</description>
				
				<pubDate>Tue, 09 Aug 2016 00:00:00 +0800</pubDate>
				<link>http://helloourworld.github.io/hadoop_family_guide</link>
				<guid isPermaLink="true">http://helloourworld.github.io/hadoop_family_guide</guid>
			</item>
			
		
			
			<item>
				<title>Hadoop Resource</title>
				
					<description>&lt;h2 id=&quot;apache&quot;&gt;Apache&lt;/h2&gt;

</description>
				
				<pubDate>Sat, 06 Aug 2016 00:00:00 +0800</pubDate>
				<link>http://helloourworld.github.io/hadoop_family_site</link>
				<guid isPermaLink="true">http://helloourworld.github.io/hadoop_family_site</guid>
			</item>
			
		
			
			<item>
				<title>Hadoop Mahout</title>
				
					<description>&lt;h2 id=&quot;mahout&quot;&gt;开始 Mahout&lt;/h2&gt;

</description>
				
				<pubDate>Thu, 04 Aug 2016 00:00:00 +0800</pubDate>
				<link>http://helloourworld.github.io/hadoop_mahout</link>
				<guid isPermaLink="true">http://helloourworld.github.io/hadoop_mahout</guid>
			</item>
			
		
			
			<item>
				<title>Hadoop 名词速览</title>
				
					<description>&lt;h2 id=&quot;hadoop&quot;&gt;Hadoop产品名词速览（不断补充中…）&lt;/h2&gt;

</description>
				
				<pubDate>Thu, 04 Aug 2016 00:00:00 +0800</pubDate>
				<link>http://helloourworld.github.io/hadoop_glossary</link>
				<guid isPermaLink="true">http://helloourworld.github.io/hadoop_glossary</guid>
			</item>
			
		
			
			<item>
				<title>Hadoop生态圈</title>
				
					<description>&lt;h2 id=&quot;hadoophivespark-&quot;&gt;如何用形象的比喻描述大数据的技术生态？Hadoop、Hive、Spark 之间是什么关系？&lt;/h2&gt;

</description>
				
				<pubDate>Thu, 04 Aug 2016 00:00:00 +0800</pubDate>
				<link>http://helloourworld.github.io/hadoop_family_zhihu</link>
				<guid isPermaLink="true">http://helloourworld.github.io/hadoop_family_zhihu</guid>
			</item>
			
		
			
			<item>
				<title>Hadoop Family</title>
				
					<description>&lt;p&gt;Hadoop家族产品，很多。常用的项目包括Hadoop, Hive, Pig, HBase, Sqoop, Mahout, Zookeeper, Avro, Ambari, Chukwa，YARN, Hcatalog, Oozie, Cassandra, Hama, Whirr, Flume, Bigtop, Crunch, Hue, Spark, Streaming, Kafka等。对照&lt;a href=&quot;/Hadoop_Ecosystem_Table&quot;&gt;Hadoop_Ecosystem_Table&lt;/a&gt;,我们将其分类为：&lt;/p&gt;

</description>
				
				<pubDate>Thu, 04 Aug 2016 00:00:00 +0800</pubDate>
				<link>http://helloourworld.github.io/hadoop_family</link>
				<guid isPermaLink="true">http://helloourworld.github.io/hadoop_family</guid>
			</item>
			
		
			
			<item>
				<title>Hadoop Ecosystem Table</title>
				
					<description>&lt;head&gt;
    &lt;meta charset=&quot;utf-8&quot; /&gt;
    &lt;meta http-equiv=&quot;X-UA-Compatible&quot; content=&quot;chrome=1&quot; /&gt;
    &lt;meta name=&quot;description&quot; content=&quot;Hadoopecosystemtable.github.io : This page is a summary to keep the track of Hadoop related project, and relevant projects around Big Data scene focused on the open source, free software enviroment.&quot; /&gt;

&lt;/head&gt;
</description>
				
				<pubDate>Thu, 04 Aug 2016 00:00:00 +0800</pubDate>
				<link>http://helloourworld.github.io/Hadoop_Ecosystem_Table</link>
				<guid isPermaLink="true">http://helloourworld.github.io/Hadoop_Ecosystem_Table</guid>
			</item>
			
		
			
			<item>
				<title>Hadoop or Spark</title>
				
					<description>&lt;p&gt;THis page is mainly from &lt;a href=&quot;http://www.forbes.com/sites/bernardmarr/2015/06/22/spark-or-hadoop-which-is-the-best-big-data-framework/#72907489532c&quot;&gt;Forbes&lt;/a&gt; by Bernard Marr, CONTRIBUTOR&lt;/p&gt;

</description>
				
				<pubDate>Wed, 03 Aug 2016 00:00:00 +0800</pubDate>
				<link>http://helloourworld.github.io/hadoop_vs_spark</link>
				<guid isPermaLink="true">http://helloourworld.github.io/hadoop_vs_spark</guid>
			</item>
			
		
			
			<item>
				<title>Lev1_AI_basic_concept</title>
				
					<description>&lt;h2 id=&quot;alternative-investment&quot;&gt;73 Alternative Investment&lt;/h2&gt;
&lt;ul&gt;
  &lt;li&gt;[x] 1 什么是开放型基金（Open-End Fund）；什么是关闭型基金（Closed-End Fund）&lt;/li&gt;
  &lt;li&gt;[x] 2 Open-End Fund中的Load和Un-Load的基金有什么不同&lt;/li&gt;
  &lt;li&gt;[x] 3 什么是Net Asset Value（NAV）&lt;/li&gt;
  &lt;li&gt;[x] 4 比较Equity Fund主要有哪些策略&lt;/li&gt;
  &lt;li&gt;[x] 5 什么是ETF（Exchange Traded Fund），它有什么特点（优点、缺点和风险 Notes V5 P245）&lt;/li&gt;
  &lt;li&gt;[x] 6 “In-Kind”是什么优点&lt;/li&gt;
  &lt;li&gt;[x] 7 不动产投资（Real Estate Investment）的主要类型&lt;/li&gt;
  &lt;li&gt;[x] 8 不动产（Real Estate）估价的主要方式&lt;/li&gt;
  &lt;li&gt;[x] 9 不动产投资中计算NOI（Net Operating Income）的方式（看Notes V5 P248例题）&lt;/li&gt;
  &lt;li&gt;[x] 10 什么是风险资本投资（Venture Capital Investment）以及它的四个阶段&lt;/li&gt;
  &lt;li&gt;[x] 11 Venture Capital Investment的主要特点&lt;/li&gt;
  &lt;li&gt;[x] 12 评估Venture Capital Investment的三个最主要的指标：到期回报（Payoff At Exit），回报时间（Timing of Exit）和失败率&lt;/li&gt;
  &lt;li&gt;[x] 13 如何根据Possible Payoff和Failure Probabilities计算Venture Capital Investment的NPV（Notes V5 P252）&lt;/li&gt;
  &lt;li&gt;[x] 14 Hedge Fund的四种主要类型&lt;/li&gt;
  &lt;li&gt;[x] 15 什么是复合基金投资（Fund of Funds Investing）以及它的优缺点&lt;/li&gt;
  &lt;li&gt;[x] 16 Hedge Fund的主要风险&lt;/li&gt;
  &lt;li&gt;[x] 17 衡量Hedge Fund业绩时可能的偏差（Bias），尤其是什么是Survivorship Bias&lt;/li&gt;
  &lt;li&gt;[x] 18 什么是Closely Held Companies，它的主要评估方式是什么&lt;/li&gt;
  &lt;li&gt;[x] 19 理解为什么Closely Held Companies估价时会有折价和溢价&lt;/li&gt;
  &lt;li&gt;[x] 20 什么是Distressed Securities&lt;/li&gt;
  &lt;li&gt;[x] 21 理解Collateralized Commodities Futures Position收益的来源（Notes V5 P259 例题）&lt;/li&gt;
  &lt;li&gt;[x] 22 Commodity-Linked Bonds的动机主要有：对冲Inflation&lt;/li&gt;
&lt;/ul&gt;
</description>
				
				<pubDate>Mon, 25 Jul 2016 00:00:00 +0800</pubDate>
				<link>http://helloourworld.github.io/CFALevel1_AI</link>
				<guid isPermaLink="true">http://helloourworld.github.io/CFALevel1_AI</guid>
			</item>
			
		
			
			<item>
				<title>Lev1_Derivative_basic_concept</title>
				
					<description>&lt;h2 id=&quot;forward-market-and-contracts&quot;&gt;68 Forward Market and Contracts&lt;/h2&gt;
&lt;ul&gt;
  &lt;li&gt;[x] 1 什么是Forward&lt;/li&gt;
  &lt;li&gt;[x] 2 什么是FRA（Forward Rate Agreement）&lt;/li&gt;
&lt;/ul&gt;

</description>
				
				<pubDate>Sun, 24 Jul 2016 00:00:00 +0800</pubDate>
				<link>http://helloourworld.github.io/CFALevel1_Derivative</link>
				<guid isPermaLink="true">http://helloourworld.github.io/CFALevel1_Derivative</guid>
			</item>
			
		
			
			<item>
				<title>How to start applying for Analytics / Data Science Masters in the US Universities?</title>
				
					<description>&lt;h2 id=&quot;introduction&quot;&gt;Introduction&lt;/h2&gt;

</description>
				
				<pubDate>Sat, 23 Jul 2016 00:00:00 +0800</pubDate>
				<link>http://helloourworld.github.io/apply-analytics-master</link>
				<guid isPermaLink="true">http://helloourworld.github.io/apply-analytics-master</guid>
			</item>
			
		
			
			<item>
				<title>Lev1_FixedIncome_basic_concept</title>
				
					<description>&lt;h2 id=&quot;risk-associated-with-investing-in-bonds&quot;&gt;61 Risk Associated with Investing in Bonds&lt;/h2&gt;
&lt;ul&gt;
  &lt;li&gt;[x] 1 熟悉Callable Bond的价格与Option Free的价格的比较关系&lt;/li&gt;
  &lt;li&gt;[x] 2 Callable Bond的value公式&lt;/li&gt;
  &lt;li&gt;[x] 3 什么是Reinvestment Risk&lt;/li&gt;
  &lt;li&gt;[x] 4 什么是Interest Rate Risk，什么是Yield Curve Risk，以及两者的区别&lt;/li&gt;
  &lt;li&gt;[x] 5 什么是Event Risk，什么是Volatility Risk，以及两者的区别&lt;/li&gt;
  &lt;li&gt;[x] 6 理解久期（Duration）是用来衡量债券价格对收益率（Yield）敏感性的指标&lt;/li&gt;
  &lt;li&gt;[x] 7 久期（Duration）的公式&lt;/li&gt;
  &lt;li&gt;[x] 8 信用风险（Credit Risk）的三种类型以及它们的区别&lt;/li&gt;
&lt;/ul&gt;

</description>
				
				<pubDate>Sat, 23 Jul 2016 00:00:00 +0800</pubDate>
				<link>http://helloourworld.github.io/CFALevel1_FixedIncome</link>
				<guid isPermaLink="true">http://helloourworld.github.io/CFALevel1_FixedIncome</guid>
			</item>
			
		
			
			<item>
				<title>IP</title>
				
					<description>&lt;p&gt;来源：搜狐文化(http://cul.sohu.com/20150625/n415609856.shtml)
本文为转载。如有侵权，请说明。谢谢！
文：周铁东。北京新影联影业有限责任公司总经理。&lt;/p&gt;

</description>
				
				<pubDate>Fri, 22 Jul 2016 00:00:00 +0800</pubDate>
				<link>http://helloourworld.github.io/IP</link>
				<guid isPermaLink="true">http://helloourworld.github.io/IP</guid>
			</item>
			
		
			
			<item>
				<title>Lev1_Equity_basic_concept</title>
				
					<description>&lt;h2 id=&quot;orgnization-and-functioning-of-securities-market&quot;&gt;52 Orgnization and Functioning of Securities Market&lt;/h2&gt;
&lt;ul&gt;
  &lt;li&gt;[x] 1 什么是Primary Capital Market（一级市场）以及它提供的主要三项服务&lt;/li&gt;
  &lt;li&gt;[x] 2 什么是Secondary Financial Market（二级市场）&lt;/li&gt;
  &lt;li&gt;[x] 3 Call Market和Continuous Market的区别&lt;/li&gt;
&lt;/ul&gt;

</description>
				
				<pubDate>Fri, 22 Jul 2016 00:00:00 +0800</pubDate>
				<link>http://helloourworld.github.io/CFALevel1_Equity</link>
				<guid isPermaLink="true">http://helloourworld.github.io/CFALevel1_Equity</guid>
			</item>
			
		
			
			<item>
				<title>Matrix operations and inverses</title>
				
					<description>&lt;h2 id=&quot;matrix-multiplication&quot;&gt;Matrix Multiplication&lt;/h2&gt;

</description>
				
				<pubDate>Thu, 21 Jul 2016 00:00:00 +0800</pubDate>
				<link>http://helloourworld.github.io/LA3</link>
				<guid isPermaLink="true">http://helloourworld.github.io/LA3</guid>
			</item>
			
		
			
			<item>
				<title>Lev1_Portfolio_basic_concept</title>
				
					<description>&lt;h2 id=&quot;asset-allocation-decision&quot;&gt;49 Asset Allocation Decision&lt;/h2&gt;
&lt;ul&gt;
  &lt;li&gt;[★] 1 Portfolio Management的四步过程&lt;/li&gt;
  &lt;li&gt;[x] 2 什么是Capital Preservation目标&lt;/li&gt;
  &lt;li&gt;[x] 3 什么是Capital Appreciation目标&lt;/li&gt;
  &lt;li&gt;[x] 4 什么是Current Income目标&lt;/li&gt;
  &lt;li&gt;[x] 5 什么是Total Return目标&lt;/li&gt;
&lt;/ul&gt;

</description>
				
				<pubDate>Thu, 21 Jul 2016 00:00:00 +0800</pubDate>
				<link>http://helloourworld.github.io/CFALevel1_Portfolio</link>
				<guid isPermaLink="true">http://helloourworld.github.io/CFALevel1_Portfolio</guid>
			</item>
			
		
			
			<item>
				<title>sublime keyboard shortcuts</title>
				
					<description>&lt;table&gt;
  &lt;tbody&gt;
    &lt;tr&gt;
      &lt;td&gt;快捷键&lt;/td&gt;
      &lt;td&gt;功能&lt;/td&gt;
    &lt;/tr&gt;
    &lt;tr&gt;
      &lt;td&gt;ctrl+shift+n&lt;/td&gt;
      &lt;td&gt;打开新Sublime&lt;/td&gt;
    &lt;/tr&gt;
    &lt;tr&gt;
      &lt;td&gt;ctrl+shift+w&lt;/td&gt;
      &lt;td&gt;关闭Sublime，关闭所有打开文件&lt;/td&gt;
    &lt;/tr&gt;
    &lt;tr&gt;
      &lt;td&gt;ctrl+shift+t&lt;/td&gt;
      &lt;td&gt;重新打开最近关闭文件&lt;/td&gt;
    &lt;/tr&gt;
    &lt;tr&gt;
      &lt;td&gt;ctrl+n&lt;/td&gt;
      &lt;td&gt;新建文件&lt;/td&gt;
    &lt;/tr&gt;
    &lt;tr&gt;
      &lt;td&gt;ctrl+s&lt;/td&gt;
      &lt;td&gt;保存&lt;/td&gt;
    &lt;/tr&gt;
    &lt;tr&gt;
      &lt;td&gt;ctrl+shift+s&lt;/td&gt;
      &lt;td&gt;另存为&lt;/td&gt;
    &lt;/tr&gt;
    &lt;tr&gt;
      &lt;td&gt;ctrl+f4&lt;/td&gt;
      &lt;td&gt;关闭文件&lt;/td&gt;
    &lt;/tr&gt;
    &lt;tr&gt;
      &lt;td&gt;ctrl+w&lt;/td&gt;
      &lt;td&gt;关闭&lt;/td&gt;
    &lt;/tr&gt;
    &lt;tr&gt;
      &lt;td&gt;ctrl+k, ctrl+b&lt;/td&gt;
      &lt;td&gt;切换侧边栏显示状态&lt;/td&gt;
    &lt;/tr&gt;
    &lt;tr&gt;
      &lt;td&gt;f11&lt;/td&gt;
      &lt;td&gt;切换全屏状态&lt;/td&gt;
    &lt;/tr&gt;
    &lt;tr&gt;
      &lt;td&gt;shift+f11&lt;/td&gt;
      &lt;td&gt;免打扰模式状态切换&lt;/td&gt;
    &lt;/tr&gt;
    &lt;tr&gt;
      &lt;td&gt;backspace&lt;/td&gt;
      &lt;td&gt;删除左侧&lt;/td&gt;
    &lt;/tr&gt;
    &lt;tr&gt;
      &lt;td&gt;shift+backspace&lt;/td&gt;
      &lt;td&gt;左侧删除&lt;/td&gt;
    &lt;/tr&gt;
    &lt;tr&gt;
      &lt;td&gt;ctrl+shift+backspace&lt;/td&gt;
      &lt;td&gt;左侧全部删除&lt;/td&gt;
    &lt;/tr&gt;
    &lt;tr&gt;
      &lt;td&gt;delete&lt;/td&gt;
      &lt;td&gt;右侧删除&lt;/td&gt;
    &lt;/tr&gt;
    &lt;tr&gt;
      &lt;td&gt;enter&lt;/td&gt;
      &lt;td&gt;插入&lt;/td&gt;
    &lt;/tr&gt;
    &lt;tr&gt;
      &lt;td&gt;shift+enter&lt;/td&gt;
      &lt;td&gt;插入&lt;/td&gt;
    &lt;/tr&gt;
    &lt;tr&gt;
      &lt;td&gt;ctrl+z&lt;/td&gt;
      &lt;td&gt;撤消&lt;/td&gt;
    &lt;/tr&gt;
    &lt;tr&gt;
      &lt;td&gt;ctrl+shift+z&lt;/td&gt;
      &lt;td&gt;重做&lt;/td&gt;
    &lt;/tr&gt;
    &lt;tr&gt;
      &lt;td&gt;ctrl+y&lt;/td&gt;
      &lt;td&gt;重做或重复&lt;/td&gt;
    &lt;/tr&gt;
    &lt;tr&gt;
      &lt;td&gt;ctrl+u&lt;/td&gt;
      &lt;td&gt;软撤消&lt;/td&gt;
    &lt;/tr&gt;
    &lt;tr&gt;
      &lt;td&gt;ctrl+shift+u&lt;/td&gt;
      &lt;td&gt;软重做&lt;/td&gt;
    &lt;/tr&gt;
    &lt;tr&gt;
      &lt;td&gt;ctrl+shift+v&lt;/td&gt;
      &lt;td&gt;粘贴并格式化&lt;/td&gt;
    &lt;/tr&gt;
    &lt;tr&gt;
      &lt;td&gt;shift+delete&lt;/td&gt;
      &lt;td&gt;剪切&lt;/td&gt;
    &lt;/tr&gt;
    &lt;tr&gt;
      &lt;td&gt;ctrl+insert&lt;/td&gt;
      &lt;td&gt;拷贝&lt;/td&gt;
    &lt;/tr&gt;
    &lt;tr&gt;
      &lt;td&gt;shift+insert&lt;/td&gt;
      &lt;td&gt;粘贴&lt;/td&gt;
    &lt;/tr&gt;
    &lt;tr&gt;
      &lt;td&gt;ctrl+x&lt;/td&gt;
      &lt;td&gt;剪切&lt;/td&gt;
    &lt;/tr&gt;
    &lt;tr&gt;
      &lt;td&gt;ctrl+c&lt;/td&gt;
      &lt;td&gt;拷贝&lt;/td&gt;
    &lt;/tr&gt;
    &lt;tr&gt;
      &lt;td&gt;ctrl+v&lt;/td&gt;
      &lt;td&gt;粘贴&lt;/td&gt;
    &lt;/tr&gt;
    &lt;tr&gt;
      &lt;td&gt;left&lt;/td&gt;
      &lt;td&gt;移动&lt;/td&gt;
    &lt;/tr&gt;
    &lt;tr&gt;
      &lt;td&gt;right&lt;/td&gt;
      &lt;td&gt;移动&lt;/td&gt;
    &lt;/tr&gt;
    &lt;tr&gt;
      &lt;td&gt;up&lt;/td&gt;
      &lt;td&gt;移动&lt;/td&gt;
    &lt;/tr&gt;
    &lt;tr&gt;
      &lt;td&gt;down&lt;/td&gt;
      &lt;td&gt;移动&lt;/td&gt;
    &lt;/tr&gt;
    &lt;tr&gt;
      &lt;td&gt;shift+left&lt;/td&gt;
      &lt;td&gt;移动并选择&lt;/td&gt;
    &lt;/tr&gt;
    &lt;tr&gt;
      &lt;td&gt;shift+right&lt;/td&gt;
      &lt;td&gt;移动并选择&lt;/td&gt;
    &lt;/tr&gt;
    &lt;tr&gt;
      &lt;td&gt;shift+up&lt;/td&gt;
      &lt;td&gt;移动并选择&lt;/td&gt;
    &lt;/tr&gt;
    &lt;tr&gt;
      &lt;td&gt;shift+down&lt;/td&gt;
      &lt;td&gt;移动并选择&lt;/td&gt;
    &lt;/tr&gt;
    &lt;tr&gt;
      &lt;td&gt;ctrl+left&lt;/td&gt;
      &lt;td&gt;按\w规则移动（跳跃）&lt;/td&gt;
    &lt;/tr&gt;
    &lt;tr&gt;
      &lt;td&gt;ctrl+right&lt;/td&gt;
      &lt;td&gt;按\w规则移动（跳跃）&lt;/td&gt;
    &lt;/tr&gt;
    &lt;tr&gt;
      &lt;td&gt;ctrl+shift+left&lt;/td&gt;
      &lt;td&gt;按\w规则移动并选择（跳跃）&lt;/td&gt;
    &lt;/tr&gt;
    &lt;tr&gt;
      &lt;td&gt;ctrl+shift+right&lt;/td&gt;
      &lt;td&gt;按\w规则移动并选择（跳跃）&lt;/td&gt;
    &lt;/tr&gt;
    &lt;tr&gt;
      &lt;td&gt;alt+left&lt;/td&gt;
      &lt;td&gt;按单词移动&lt;/td&gt;
    &lt;/tr&gt;
    &lt;tr&gt;
      &lt;td&gt;alt+right&lt;/td&gt;
      &lt;td&gt;按单词移动&lt;/td&gt;
    &lt;/tr&gt;
    &lt;tr&gt;
      &lt;td&gt;alt+shift+left&lt;/td&gt;
      &lt;td&gt;按单词移动并选择&lt;/td&gt;
    &lt;/tr&gt;
    &lt;tr&gt;
      &lt;td&gt;alt+shift+right&lt;/td&gt;
      &lt;td&gt;按单词移动并选择&lt;/td&gt;
    &lt;/tr&gt;
    &lt;tr&gt;
      &lt;td&gt;ctrl+alt+up&lt;/td&gt;
      &lt;td&gt;选择多行进行编辑&lt;/td&gt;
    &lt;/tr&gt;
    &lt;tr&gt;
      &lt;td&gt;ctrl+alt+down&lt;/td&gt;
      &lt;td&gt;选择多行进行编辑&lt;/td&gt;
    &lt;/tr&gt;
    &lt;tr&gt;
      &lt;td&gt;pageup&lt;/td&gt;
      &lt;td&gt;移动&lt;/td&gt;
    &lt;/tr&gt;
    &lt;tr&gt;
      &lt;td&gt;pagedown&lt;/td&gt;
      &lt;td&gt;移动&lt;/td&gt;
    &lt;/tr&gt;
    &lt;tr&gt;
      &lt;td&gt;shift+pageup&lt;/td&gt;
      &lt;td&gt;移动+选择&lt;/td&gt;
    &lt;/tr&gt;
    &lt;tr&gt;
      &lt;td&gt;shift+pagedown&lt;/td&gt;
      &lt;td&gt;移动+选择&lt;/td&gt;
    &lt;/tr&gt;
    &lt;tr&gt;
      &lt;td&gt;home&lt;/td&gt;
      &lt;td&gt;移动到行首&lt;/td&gt;
    &lt;/tr&gt;
    &lt;tr&gt;
      &lt;td&gt;end&lt;/td&gt;
      &lt;td&gt;移动到行尾&lt;/td&gt;
    &lt;/tr&gt;
    &lt;tr&gt;
      &lt;td&gt;shift+home&lt;/td&gt;
      &lt;td&gt;选择到行首&lt;/td&gt;
    &lt;/tr&gt;
    &lt;tr&gt;
      &lt;td&gt;shift+end&lt;/td&gt;
      &lt;td&gt;选择到行尾&lt;/td&gt;
    &lt;/tr&gt;
    &lt;tr&gt;
      &lt;td&gt;ctrl+home&lt;/td&gt;
      &lt;td&gt;移动到页首行头&lt;/td&gt;
    &lt;/tr&gt;
    &lt;tr&gt;
      &lt;td&gt;ctrl+end&lt;/td&gt;
      &lt;td&gt;移动到页尾行尾&lt;/td&gt;
    &lt;/tr&gt;
    &lt;tr&gt;
      &lt;td&gt;ctrl+shift+home&lt;/td&gt;
      &lt;td&gt;选择到页首行头&lt;/td&gt;
    &lt;/tr&gt;
    &lt;tr&gt;
      &lt;td&gt;ctrl+shift+end&lt;/td&gt;
      &lt;td&gt;选择到页尾行尾&lt;/td&gt;
    &lt;/tr&gt;
    &lt;tr&gt;
      &lt;td&gt;ctrl+up&lt;/td&gt;
      &lt;td&gt;滚动行&lt;/td&gt;
    &lt;/tr&gt;
    &lt;tr&gt;
      &lt;td&gt;ctrl+down&lt;/td&gt;
      &lt;td&gt;滚动行&lt;/td&gt;
    &lt;/tr&gt;
    &lt;tr&gt;
      &lt;td&gt;ctrl+pagedown&lt;/td&gt;
      &lt;td&gt;下一视图（视觉位置）&lt;/td&gt;
    &lt;/tr&gt;
    &lt;tr&gt;
      &lt;td&gt;ctrl+pageup&lt;/td&gt;
      &lt;td&gt;前一视图&lt;/td&gt;
    &lt;/tr&gt;
    &lt;tr&gt;
      &lt;td&gt;ctrl+tab&lt;/td&gt;
      &lt;td&gt;栈中下一视图（打开顺序）&lt;/td&gt;
    &lt;/tr&gt;
    &lt;tr&gt;
      &lt;td&gt;ctrl+shift+tab&lt;/td&gt;
      &lt;td&gt;栈中前一视图&lt;/td&gt;
    &lt;/tr&gt;
    &lt;tr&gt;
      &lt;td&gt;ctrl+a&lt;/td&gt;
      &lt;td&gt;全选&lt;/td&gt;
    &lt;/tr&gt;
    &lt;tr&gt;
      &lt;td&gt;ctrl+shift+l&lt;/td&gt;
      &lt;td&gt;选择多行编辑&lt;/td&gt;
    &lt;/tr&gt;
    &lt;tr&gt;
      &lt;td&gt;escape&lt;/td&gt;
      &lt;td&gt;单个选择&lt;/td&gt;
    &lt;/tr&gt;
    &lt;tr&gt;
      &lt;td&gt;escape&lt;/td&gt;
      &lt;td&gt;清除字段&lt;/td&gt;
    &lt;/tr&gt;
    &lt;tr&gt;
      &lt;td&gt;escape&lt;/td&gt;
      &lt;td&gt;清除字段&lt;/td&gt;
    &lt;/tr&gt;
    &lt;tr&gt;
      &lt;td&gt;escape&lt;/td&gt;
      &lt;td&gt;隐藏面板&lt;/td&gt;
    &lt;/tr&gt;
    &lt;tr&gt;
      &lt;td&gt;escape&lt;/td&gt;
      &lt;td&gt;hide overlay&lt;/td&gt;
    &lt;/tr&gt;
    &lt;tr&gt;
      &lt;td&gt;escape&lt;/td&gt;
      &lt;td&gt;hide auto complete&lt;/td&gt;
    &lt;/tr&gt;
    &lt;tr&gt;
      &lt;td&gt;tab&lt;/td&gt;
      &lt;td&gt;insert best completion&lt;/td&gt;
    &lt;/tr&gt;
    &lt;tr&gt;
      &lt;td&gt;tab&lt;/td&gt;
      &lt;td&gt;insert best completion&lt;/td&gt;
    &lt;/tr&gt;
    &lt;tr&gt;
      &lt;td&gt;tab&lt;/td&gt;
      &lt;td&gt;replace completion with next completion&lt;/td&gt;
    &lt;/tr&gt;
    &lt;tr&gt;
      &lt;td&gt;tab&lt;/td&gt;
      &lt;td&gt;reindent&lt;/td&gt;
    &lt;/tr&gt;
    &lt;tr&gt;
      &lt;td&gt;tab&lt;/td&gt;
      &lt;td&gt;indent&lt;/td&gt;
    &lt;/tr&gt;
    &lt;tr&gt;
      &lt;td&gt;tab&lt;/td&gt;
      &lt;td&gt;next field&lt;/td&gt;
    &lt;/tr&gt;
    &lt;tr&gt;
      &lt;td&gt;tab&lt;/td&gt;
      &lt;td&gt;commit completion&lt;/td&gt;
    &lt;/tr&gt;
    &lt;tr&gt;
      &lt;td&gt;shift+tab&lt;/td&gt;
      &lt;td&gt;insert&lt;/td&gt;
    &lt;/tr&gt;
    &lt;tr&gt;
      &lt;td&gt;shift+tab&lt;/td&gt;
      &lt;td&gt;unindent&lt;/td&gt;
    &lt;/tr&gt;
    &lt;tr&gt;
      &lt;td&gt;shift+tab&lt;/td&gt;
      &lt;td&gt;unindent&lt;/td&gt;
    &lt;/tr&gt;
    &lt;tr&gt;
      &lt;td&gt;shift+tab&lt;/td&gt;
      &lt;td&gt;unindent&lt;/td&gt;
    &lt;/tr&gt;
    &lt;tr&gt;
      &lt;td&gt;shift+tab&lt;/td&gt;
      &lt;td&gt;prev field&lt;/td&gt;
    &lt;/tr&gt;
    &lt;tr&gt;
      &lt;td&gt;ctrl+]&lt;/td&gt;
      &lt;td&gt;缩进&lt;/td&gt;
    &lt;/tr&gt;
    &lt;tr&gt;
      &lt;td&gt;ctrl+[&lt;/td&gt;
      &lt;td&gt;不缩进&lt;/td&gt;
    &lt;/tr&gt;
    &lt;tr&gt;
      &lt;td&gt;insert&lt;/td&gt;
      &lt;td&gt;toggle overwrite&lt;/td&gt;
    &lt;/tr&gt;
    &lt;tr&gt;
      &lt;td&gt;ctrl+l&lt;/td&gt;
      &lt;td&gt;选择行，重复可依次增加选择下一行&lt;/td&gt;
    &lt;/tr&gt;
    &lt;tr&gt;
      &lt;td&gt;ctrl+d&lt;/td&gt;
      &lt;td&gt;选择单词，重复可增加选择下一个相同的单词&lt;/td&gt;
    &lt;/tr&gt;
    &lt;tr&gt;
      &lt;td&gt;ctrl+k, ctrl+d&lt;/td&gt;
      &lt;td&gt;find under expand skip&lt;/td&gt;
    &lt;/tr&gt;
    &lt;tr&gt;
      &lt;td&gt;ctrl+shift+space&lt;/td&gt;
      &lt;td&gt;expand selection&lt;/td&gt;
    &lt;/tr&gt;
    &lt;tr&gt;
      &lt;td&gt;ctrl+shift+m&lt;/td&gt;
      &lt;td&gt;expand selection&lt;/td&gt;
    &lt;/tr&gt;
    &lt;tr&gt;
      &lt;td&gt;ctrl+m&lt;/td&gt;
      &lt;td&gt;跳转到对应括号&lt;/td&gt;
    &lt;/tr&gt;
    &lt;tr&gt;
      &lt;td&gt;ctrl+shift+j&lt;/td&gt;
      &lt;td&gt;expand selection&lt;/td&gt;
    &lt;/tr&gt;
    &lt;tr&gt;
      &lt;td&gt;ctrl+shift+a&lt;/td&gt;
      &lt;td&gt;expand selection&lt;/td&gt;
    &lt;/tr&gt;
    &lt;tr&gt;
      &lt;td&gt;alt+.&lt;/td&gt;
      &lt;td&gt;close tag&lt;/td&gt;
    &lt;/tr&gt;
    &lt;tr&gt;
      &lt;td&gt;ctrl+q&lt;/td&gt;
      &lt;td&gt;toggle record macro&lt;/td&gt;
    &lt;/tr&gt;
    &lt;tr&gt;
      &lt;td&gt;ctrl+shift+q&lt;/td&gt;
      &lt;td&gt;run macro&lt;/td&gt;
    &lt;/tr&gt;
    &lt;tr&gt;
      &lt;td&gt;ctrl+enter&lt;/td&gt;
      &lt;td&gt;run macro file&lt;/td&gt;
    &lt;/tr&gt;
    &lt;tr&gt;
      &lt;td&gt;ctrl+shift+enter&lt;/td&gt;
      &lt;td&gt;在当前行前插入新行&lt;/td&gt;
    &lt;/tr&gt;
    &lt;tr&gt;
      &lt;td&gt;enter&lt;/td&gt;
      &lt;td&gt;commit completion&lt;/td&gt;
    &lt;/tr&gt;
    &lt;tr&gt;
      &lt;td&gt;ctrl+p&lt;/td&gt;
      &lt;td&gt;搜索项目中的文件&lt;/td&gt;
    &lt;/tr&gt;
    &lt;tr&gt;
      &lt;td&gt;ctrl+shift+p&lt;/td&gt;
      &lt;td&gt;打开命令面板&lt;/td&gt;
    &lt;/tr&gt;
    &lt;tr&gt;
      &lt;td&gt;ctrl+alt+p&lt;/td&gt;
      &lt;td&gt;prompt select project&lt;/td&gt;
    &lt;/tr&gt;
    &lt;tr&gt;
      &lt;td&gt;ctrl+r&lt;/td&gt;
      &lt;td&gt;前往Method&lt;/td&gt;
    &lt;/tr&gt;
    &lt;tr&gt;
      &lt;td&gt;ctrl+g&lt;/td&gt;
      &lt;td&gt;跳转到第几行&lt;/td&gt;
    &lt;/tr&gt;
    &lt;tr&gt;
      &lt;td&gt;ctrl+;&lt;/td&gt;
      &lt;td&gt;show overlay&lt;/td&gt;
    &lt;/tr&gt;
    &lt;tr&gt;
      &lt;td&gt;ctrl+i&lt;/td&gt;
      &lt;td&gt;show panel&lt;/td&gt;
    &lt;/tr&gt;
    &lt;tr&gt;
      &lt;td&gt;ctrl+shift+i&lt;/td&gt;
      &lt;td&gt;show panel&lt;/td&gt;
    &lt;/tr&gt;
    &lt;tr&gt;
      &lt;td&gt;ctrl+f&lt;/td&gt;
      &lt;td&gt;查找&lt;/td&gt;
    &lt;/tr&gt;
    &lt;tr&gt;
      &lt;td&gt;ctrl+h&lt;/td&gt;
      &lt;td&gt;查找替换&lt;/td&gt;
    &lt;/tr&gt;
    &lt;tr&gt;
      &lt;td&gt;ctrl+shift+h&lt;/td&gt;
      &lt;td&gt;查找替换下一个&lt;/td&gt;
    &lt;/tr&gt;
    &lt;tr&gt;
      &lt;td&gt;f3&lt;/td&gt;
      &lt;td&gt;下一个匹配项&lt;/td&gt;
    &lt;/tr&gt;
    &lt;tr&gt;
      &lt;td&gt;shift+f3&lt;/td&gt;
      &lt;td&gt;上一个匹配项&lt;/td&gt;
    &lt;/tr&gt;
    &lt;tr&gt;
      &lt;td&gt;ctrl+f3&lt;/td&gt;
      &lt;td&gt;下一个匹配项&lt;/td&gt;
    &lt;/tr&gt;
    &lt;tr&gt;
      &lt;td&gt;ctrl+shift+f3&lt;/td&gt;
      &lt;td&gt;find under prev&lt;/td&gt;
    &lt;/tr&gt;
    &lt;tr&gt;
      &lt;td&gt;alt+f3&lt;/td&gt;
      &lt;td&gt;find all under&lt;/td&gt;
    &lt;/tr&gt;
    &lt;tr&gt;
      &lt;td&gt;ctrl+e&lt;/td&gt;
      &lt;td&gt;slurp find string&lt;/td&gt;
    &lt;/tr&gt;
    &lt;tr&gt;
      &lt;td&gt;ctrl+shift+e&lt;/td&gt;
      &lt;td&gt;slurp replace string&lt;/td&gt;
    &lt;/tr&gt;
    &lt;tr&gt;
      &lt;td&gt;ctrl+shift+f&lt;/td&gt;
      &lt;td&gt;show panel&lt;/td&gt;
    &lt;/tr&gt;
    &lt;tr&gt;
      &lt;td&gt;f4&lt;/td&gt;
      &lt;td&gt;next result&lt;/td&gt;
    &lt;/tr&gt;
    &lt;tr&gt;
      &lt;td&gt;shift+f4&lt;/td&gt;
      &lt;td&gt;prev result&lt;/td&gt;
    &lt;/tr&gt;
    &lt;tr&gt;
      &lt;td&gt;f6&lt;/td&gt;
      &lt;td&gt;toggle setting&lt;/td&gt;
    &lt;/tr&gt;
    &lt;tr&gt;
      &lt;td&gt;ctrl+f6&lt;/td&gt;
      &lt;td&gt;next misspelling&lt;/td&gt;
    &lt;/tr&gt;
    &lt;tr&gt;
      &lt;td&gt;ctrl+shift+f6&lt;/td&gt;
      &lt;td&gt;prev misspelling&lt;/td&gt;
    &lt;/tr&gt;
    &lt;tr&gt;
      &lt;td&gt;ctrl+shift+up&lt;/td&gt;
      &lt;td&gt;swap line up&lt;/td&gt;
    &lt;/tr&gt;
    &lt;tr&gt;
      &lt;td&gt;ctrl+shift+down&lt;/td&gt;
      &lt;td&gt;swap line down&lt;/td&gt;
    &lt;/tr&gt;
    &lt;tr&gt;
      &lt;td&gt;ctrl+backspace&lt;/td&gt;
      &lt;td&gt;delete word&lt;/td&gt;
    &lt;/tr&gt;
    &lt;tr&gt;
      &lt;td&gt;ctrl+shift+backspace&lt;/td&gt;
      &lt;td&gt;run macro file&lt;/td&gt;
    &lt;/tr&gt;
    &lt;tr&gt;
      &lt;td&gt;ctrl+delete&lt;/td&gt;
      &lt;td&gt;delete word&lt;/td&gt;
    &lt;/tr&gt;
    &lt;tr&gt;
      &lt;td&gt;ctrl+shift+delete&lt;/td&gt;
      &lt;td&gt;run macro file&lt;/td&gt;
    &lt;/tr&gt;
    &lt;tr&gt;
      &lt;td&gt;ctrl+/&lt;/td&gt;
      &lt;td&gt;当前行注释状态切换&lt;/td&gt;
    &lt;/tr&gt;
    &lt;tr&gt;
      &lt;td&gt;ctrl+shift+/&lt;/td&gt;
      &lt;td&gt;当前位置注释状态切换&lt;/td&gt;
    &lt;/tr&gt;
    &lt;tr&gt;
      &lt;td&gt;ctrl+j&lt;/td&gt;
      &lt;td&gt;选择标签内容，将后继行附加到行尾&lt;/td&gt;
    &lt;/tr&gt;
    &lt;tr&gt;
      &lt;td&gt;ctrl+shift+d&lt;/td&gt;
      &lt;td&gt;duplicate line&lt;/td&gt;
    &lt;/tr&gt;
    &lt;tr&gt;
      &lt;td&gt;ctrl+`&lt;/td&gt;
      &lt;td&gt;show panel&lt;/td&gt;
    &lt;/tr&gt;
    &lt;tr&gt;
      &lt;td&gt;ctrl+space&lt;/td&gt;
      &lt;td&gt;auto complete&lt;/td&gt;
    &lt;/tr&gt;
    &lt;tr&gt;
      &lt;td&gt;ctrl+space&lt;/td&gt;
      &lt;td&gt;replace completion with auto complete&lt;/td&gt;
    &lt;/tr&gt;
    &lt;tr&gt;
      &lt;td&gt;ctrl+alt+shift+p&lt;/td&gt;
      &lt;td&gt;show scope name&lt;/td&gt;
    &lt;/tr&gt;
    &lt;tr&gt;
      &lt;td&gt;f7&lt;/td&gt;
      &lt;td&gt;build&lt;/td&gt;
    &lt;/tr&gt;
    &lt;tr&gt;
      &lt;td&gt;ctrl+b&lt;/td&gt;
      &lt;td&gt;build&lt;/td&gt;
    &lt;/tr&gt;
    &lt;tr&gt;
      &lt;td&gt;ctrl+shift+b&lt;/td&gt;
      &lt;td&gt;build&lt;/td&gt;
    &lt;/tr&gt;
    &lt;tr&gt;
      &lt;td&gt;ctrl+break&lt;/td&gt;
      &lt;td&gt;exec&lt;/td&gt;
    &lt;/tr&gt;
    &lt;tr&gt;
      &lt;td&gt;ctrl+t&lt;/td&gt;
      &lt;td&gt;transpose&lt;/td&gt;
    &lt;/tr&gt;
    &lt;tr&gt;
      &lt;td&gt;f9&lt;/td&gt;
      &lt;td&gt;行排序&lt;/td&gt;
    &lt;/tr&gt;
    &lt;tr&gt;
      &lt;td&gt;ctrl+f9&lt;/td&gt;
      &lt;td&gt;行排序&lt;/td&gt;
    &lt;/tr&gt;
    &lt;tr&gt;
      &lt;td&gt;// Auto-pair quotes&lt;/td&gt;
      &lt;td&gt; &lt;/td&gt;
    &lt;/tr&gt;
    &lt;tr&gt;
      &lt;td&gt;|insert snippet&lt;/td&gt;
      &lt;td&gt; &lt;/td&gt;
    &lt;/tr&gt;
    &lt;tr&gt;
      &lt;td&gt;|insert snippet&lt;/td&gt;
      &lt;td&gt; &lt;/td&gt;
    &lt;/tr&gt;
    &lt;tr&gt;
      &lt;td&gt;|move&lt;/td&gt;
      &lt;td&gt; &lt;/td&gt;
    &lt;/tr&gt;
    &lt;tr&gt;
      &lt;td&gt;backspace&lt;/td&gt;
      &lt;td&gt;run macro file&lt;/td&gt;
    &lt;/tr&gt;
    &lt;tr&gt;
      &lt;td&gt;// Auto-pair single quotes&lt;/td&gt;
      &lt;td&gt; &lt;/td&gt;
    &lt;/tr&gt;
    &lt;tr&gt;
      &lt;td&gt;’&lt;/td&gt;
      &lt;td&gt;insert snippet&lt;/td&gt;
    &lt;/tr&gt;
    &lt;tr&gt;
      &lt;td&gt;’&lt;/td&gt;
      &lt;td&gt;insert snippet&lt;/td&gt;
    &lt;/tr&gt;
    &lt;tr&gt;
      &lt;td&gt;’&lt;/td&gt;
      &lt;td&gt;move&lt;/td&gt;
    &lt;/tr&gt;
    &lt;tr&gt;
      &lt;td&gt;backspace&lt;/td&gt;
      &lt;td&gt;run macro file&lt;/td&gt;
    &lt;/tr&gt;
    &lt;tr&gt;
      &lt;td&gt;// Auto-pair brackets&lt;/td&gt;
      &lt;td&gt; &lt;/td&gt;
    &lt;/tr&gt;
    &lt;tr&gt;
      &lt;td&gt;(&lt;/td&gt;
      &lt;td&gt;insert snippet&lt;/td&gt;
    &lt;/tr&gt;
    &lt;tr&gt;
      &lt;td&gt;(&lt;/td&gt;
      &lt;td&gt;insert snippet&lt;/td&gt;
    &lt;/tr&gt;
    &lt;tr&gt;
      &lt;td&gt;)&lt;/td&gt;
      &lt;td&gt;move&lt;/td&gt;
    &lt;/tr&gt;
    &lt;tr&gt;
      &lt;td&gt;backspace&lt;/td&gt;
      &lt;td&gt;run macro file&lt;/td&gt;
    &lt;/tr&gt;
    &lt;tr&gt;
      &lt;td&gt;// Auto-pair square brackets&lt;/td&gt;
      &lt;td&gt; &lt;/td&gt;
    &lt;/tr&gt;
    &lt;tr&gt;
      &lt;td&gt;[&lt;/td&gt;
      &lt;td&gt;insert snippet&lt;/td&gt;
    &lt;/tr&gt;
    &lt;tr&gt;
      &lt;td&gt;[&lt;/td&gt;
      &lt;td&gt;insert snippet&lt;/td&gt;
    &lt;/tr&gt;
    &lt;tr&gt;
      &lt;td&gt;]&lt;/td&gt;
      &lt;td&gt;move&lt;/td&gt;
    &lt;/tr&gt;
    &lt;tr&gt;
      &lt;td&gt;backspace&lt;/td&gt;
      &lt;td&gt;run macro file&lt;/td&gt;
    &lt;/tr&gt;
    &lt;tr&gt;
      &lt;td&gt;// Auto-pair curly brackets&lt;/td&gt;
      &lt;td&gt; &lt;/td&gt;
    &lt;/tr&gt;
    &lt;tr&gt;
      &lt;td&gt;{&lt;/td&gt;
      &lt;td&gt;insert snippet&lt;/td&gt;
    &lt;/tr&gt;
    &lt;tr&gt;
      &lt;td&gt;{&lt;/td&gt;
      &lt;td&gt;insert snippet&lt;/td&gt;
    &lt;/tr&gt;
    &lt;tr&gt;
      &lt;td&gt;}&lt;/td&gt;
      &lt;td&gt;move&lt;/td&gt;
    &lt;/tr&gt;
    &lt;tr&gt;
      &lt;td&gt;backspace&lt;/td&gt;
      &lt;td&gt;run macro file&lt;/td&gt;
    &lt;/tr&gt;
    &lt;tr&gt;
      &lt;td&gt;enter&lt;/td&gt;
      &lt;td&gt;run macro file&lt;/td&gt;
    &lt;/tr&gt;
    &lt;tr&gt;
      &lt;td&gt;shift+enter&lt;/td&gt;
      &lt;td&gt;run macro file&lt;/td&gt;
    &lt;/tr&gt;
    &lt;tr&gt;
      &lt;td&gt;ctrl+1&lt;/td&gt;
      &lt;td&gt;focus group&lt;/td&gt;
    &lt;/tr&gt;
    &lt;tr&gt;
      &lt;td&gt;ctrl+2&lt;/td&gt;
      &lt;td&gt;focus group&lt;/td&gt;
    &lt;/tr&gt;
    &lt;tr&gt;
      &lt;td&gt;ctrl+3&lt;/td&gt;
      &lt;td&gt;focus group&lt;/td&gt;
    &lt;/tr&gt;
    &lt;tr&gt;
      &lt;td&gt;ctrl+4&lt;/td&gt;
      &lt;td&gt;focus group&lt;/td&gt;
    &lt;/tr&gt;
    &lt;tr&gt;
      &lt;td&gt;ctrl+shift+1&lt;/td&gt;
      &lt;td&gt;move to group&lt;/td&gt;
    &lt;/tr&gt;
    &lt;tr&gt;
      &lt;td&gt;ctrl+shift+2&lt;/td&gt;
      &lt;td&gt;move to group&lt;/td&gt;
    &lt;/tr&gt;
    &lt;tr&gt;
      &lt;td&gt;ctrl+shift+3&lt;/td&gt;
      &lt;td&gt;move to group&lt;/td&gt;
    &lt;/tr&gt;
    &lt;tr&gt;
      &lt;td&gt;ctrl+shift+4&lt;/td&gt;
      &lt;td&gt;move to group&lt;/td&gt;
    &lt;/tr&gt;
    &lt;tr&gt;
      &lt;td&gt;ctrl+0&lt;/td&gt;
      &lt;td&gt;focus side bar&lt;/td&gt;
    &lt;/tr&gt;
    &lt;tr&gt;
      &lt;td&gt;alt+1&lt;/td&gt;
      &lt;td&gt;select by index&lt;/td&gt;
    &lt;/tr&gt;
    &lt;tr&gt;
      &lt;td&gt;alt+2&lt;/td&gt;
      &lt;td&gt;select by index&lt;/td&gt;
    &lt;/tr&gt;
    &lt;tr&gt;
      &lt;td&gt;alt+3&lt;/td&gt;
      &lt;td&gt;select by index&lt;/td&gt;
    &lt;/tr&gt;
    &lt;tr&gt;
      &lt;td&gt;alt+4&lt;/td&gt;
      &lt;td&gt;select by index&lt;/td&gt;
    &lt;/tr&gt;
    &lt;tr&gt;
      &lt;td&gt;alt+5&lt;/td&gt;
      &lt;td&gt;select by index&lt;/td&gt;
    &lt;/tr&gt;
    &lt;tr&gt;
      &lt;td&gt;alt+6&lt;/td&gt;
      &lt;td&gt;select by index&lt;/td&gt;
    &lt;/tr&gt;
    &lt;tr&gt;
      &lt;td&gt;alt+7&lt;/td&gt;
      &lt;td&gt;select by index&lt;/td&gt;
    &lt;/tr&gt;
    &lt;tr&gt;
      &lt;td&gt;alt+8&lt;/td&gt;
      &lt;td&gt;select by index&lt;/td&gt;
    &lt;/tr&gt;
    &lt;tr&gt;
      &lt;td&gt;alt+9&lt;/td&gt;
      &lt;td&gt;select by index&lt;/td&gt;
    &lt;/tr&gt;
    &lt;tr&gt;
      &lt;td&gt;alt+0&lt;/td&gt;
      &lt;td&gt;select by index&lt;/td&gt;
    &lt;/tr&gt;
    &lt;tr&gt;
      &lt;td&gt;f2&lt;/td&gt;
      &lt;td&gt;next bookmark&lt;/td&gt;
    &lt;/tr&gt;
    &lt;tr&gt;
      &lt;td&gt;shift+f2&lt;/td&gt;
      &lt;td&gt;prev bookmark&lt;/td&gt;
    &lt;/tr&gt;
    &lt;tr&gt;
      &lt;td&gt;ctrl+f2&lt;/td&gt;
      &lt;td&gt;标记状态切换&lt;/td&gt;
    &lt;/tr&gt;
    &lt;tr&gt;
      &lt;td&gt;ctrl+shift+f2&lt;/td&gt;
      &lt;td&gt;clear bookmarks&lt;/td&gt;
    &lt;/tr&gt;
    &lt;tr&gt;
      &lt;td&gt;alt+f2&lt;/td&gt;
      &lt;td&gt;select all bookmarks&lt;/td&gt;
    &lt;/tr&gt;
    &lt;tr&gt;
      &lt;td&gt;ctrl+shift+k&lt;/td&gt;
      &lt;td&gt;run macro file&lt;/td&gt;
    &lt;/tr&gt;
    &lt;tr&gt;
      &lt;td&gt;alt+q&lt;/td&gt;
      &lt;td&gt;wrap lines&lt;/td&gt;
    &lt;/tr&gt;
    &lt;tr&gt;
      &lt;td&gt;ctrl+k, ctrl+u&lt;/td&gt;
      &lt;td&gt;upper case&lt;/td&gt;
    &lt;/tr&gt;
    &lt;tr&gt;
      &lt;td&gt;ctrl+k, ctrl+l&lt;/td&gt;
      &lt;td&gt;lower case&lt;/td&gt;
    &lt;/tr&gt;
    &lt;tr&gt;
      &lt;td&gt;ctrl+k, ctrl+space&lt;/td&gt;
      &lt;td&gt;set mark&lt;/td&gt;
    &lt;/tr&gt;
    &lt;tr&gt;
      &lt;td&gt;ctrl+k, ctrl+a&lt;/td&gt;
      &lt;td&gt;select to mark&lt;/td&gt;
    &lt;/tr&gt;
    &lt;tr&gt;
      &lt;td&gt;ctrl+k, ctrl+w&lt;/td&gt;
      &lt;td&gt;delete to mark&lt;/td&gt;
    &lt;/tr&gt;
    &lt;tr&gt;
      &lt;td&gt;ctrl+k, ctrl+x&lt;/td&gt;
      &lt;td&gt;swap with mark&lt;/td&gt;
    &lt;/tr&gt;
    &lt;tr&gt;
      &lt;td&gt;ctrl+k, ctrl+y&lt;/td&gt;
      &lt;td&gt;yank&lt;/td&gt;
    &lt;/tr&gt;
    &lt;tr&gt;
      &lt;td&gt;ctrl+k, ctrl+k&lt;/td&gt;
      &lt;td&gt;run macro file&lt;/td&gt;
    &lt;/tr&gt;
    &lt;tr&gt;
      &lt;td&gt;ctrl+k, ctrl+backspace&lt;/td&gt;
      &lt;td&gt;run macro file&lt;/td&gt;
    &lt;/tr&gt;
    &lt;tr&gt;
      &lt;td&gt;ctrl+k, ctrl+g&lt;/td&gt;
      &lt;td&gt;clear bookmarks&lt;/td&gt;
    &lt;/tr&gt;
    &lt;tr&gt;
      &lt;td&gt;ctrl+k, ctrl+c&lt;/td&gt;
      &lt;td&gt;show at center&lt;/td&gt;
    &lt;/tr&gt;
    &lt;tr&gt;
      &lt;td&gt;ctrl++&lt;/td&gt;
      &lt;td&gt;increase font size&lt;/td&gt;
    &lt;/tr&gt;
    &lt;tr&gt;
      &lt;td&gt;ctrl+=&lt;/td&gt;
      &lt;td&gt;increase font size&lt;/td&gt;
    &lt;/tr&gt;
    &lt;tr&gt;
      &lt;td&gt;ctrl+keypad plus&lt;/td&gt;
      &lt;td&gt;increase font size&lt;/td&gt;
    &lt;/tr&gt;
    &lt;tr&gt;
      &lt;td&gt;ctrl+-&lt;/td&gt;
      &lt;td&gt;decrease font size&lt;/td&gt;
    &lt;/tr&gt;
    &lt;tr&gt;
      &lt;td&gt;ctrl+keypad minus&lt;/td&gt;
      &lt;td&gt;decrease font size&lt;/td&gt;
    &lt;/tr&gt;
    &lt;tr&gt;
      &lt;td&gt;alt+shift+w&lt;/td&gt;
      &lt;td&gt;insert snippet&lt;/td&gt;
    &lt;/tr&gt;
    &lt;tr&gt;
      &lt;td&gt;ctrl+shift+[&lt;/td&gt;
      &lt;td&gt;折叠(代码)&lt;/td&gt;
    &lt;/tr&gt;
    &lt;tr&gt;
      &lt;td&gt;ctrl+shift+]&lt;/td&gt;
      &lt;td&gt;不折叠&lt;/td&gt;
    &lt;/tr&gt;
    &lt;tr&gt;
      &lt;td&gt;ctrl+k, ctrl+1&lt;/td&gt;
      &lt;td&gt;按层级折叠(代码），数字是层级数&lt;/td&gt;
    &lt;/tr&gt;
    &lt;tr&gt;
      &lt;td&gt;ctrl+k, ctrl+2&lt;/td&gt;
      &lt;td&gt;按层级折叠(代码），数字是层级数&lt;/td&gt;
    &lt;/tr&gt;
    &lt;tr&gt;
      &lt;td&gt;ctrl+k, ctrl+3&lt;/td&gt;
      &lt;td&gt;按层级折叠(代码），数字是层级数&lt;/td&gt;
    &lt;/tr&gt;
    &lt;tr&gt;
      &lt;td&gt;ctrl+k, ctrl+4&lt;/td&gt;
      &lt;td&gt;按层级折叠(代码），数字是层级数&lt;/td&gt;
    &lt;/tr&gt;
    &lt;tr&gt;
      &lt;td&gt;ctrl+k, ctrl+5&lt;/td&gt;
      &lt;td&gt;按层级折叠(代码），数字是层级数&lt;/td&gt;
    &lt;/tr&gt;
    &lt;tr&gt;
      &lt;td&gt;ctrl+k, ctrl+6&lt;/td&gt;
      &lt;td&gt;按层级折叠(代码），数字是层级数&lt;/td&gt;
    &lt;/tr&gt;
    &lt;tr&gt;
      &lt;td&gt;ctrl+k, ctrl+7&lt;/td&gt;
      &lt;td&gt;按层级折叠(代码），数字是层级数&lt;/td&gt;
    &lt;/tr&gt;
    &lt;tr&gt;
      &lt;td&gt;ctrl+k, ctrl+8&lt;/td&gt;
      &lt;td&gt;按层级折叠(代码），数字是层级数&lt;/td&gt;
    &lt;/tr&gt;
    &lt;tr&gt;
      &lt;td&gt;ctrl+k, ctrl+9&lt;/td&gt;
      &lt;td&gt;按层级折叠(代码），数字是层级数&lt;/td&gt;
    &lt;/tr&gt;
    &lt;tr&gt;
      &lt;td&gt;ctrl+k, ctrl+0&lt;/td&gt;
      &lt;td&gt;unfold all&lt;/td&gt;
    &lt;/tr&gt;
    &lt;tr&gt;
      &lt;td&gt;ctrl+k, ctrl+j&lt;/td&gt;
      &lt;td&gt;unfold all&lt;/td&gt;
    &lt;/tr&gt;
    &lt;tr&gt;
      &lt;td&gt;ctrl+k, ctrl+t&lt;/td&gt;
      &lt;td&gt;fold tag attributes&lt;/td&gt;
    &lt;/tr&gt;
    &lt;tr&gt;
      &lt;td&gt;context menu&lt;/td&gt;
      &lt;td&gt;context menu&lt;/td&gt;
    &lt;/tr&gt;
    &lt;tr&gt;
      &lt;td&gt;alt+c&lt;/td&gt;
      &lt;td&gt;toggle case sensitive&lt;/td&gt;
    &lt;/tr&gt;
    &lt;tr&gt;
      &lt;td&gt;alt+r&lt;/td&gt;
      &lt;td&gt;toggle regex&lt;/td&gt;
    &lt;/tr&gt;
    &lt;tr&gt;
      &lt;td&gt;alt+w&lt;/td&gt;
      &lt;td&gt;toggle whole word&lt;/td&gt;
    &lt;/tr&gt;
    &lt;tr&gt;
      &lt;td&gt;alt+a&lt;/td&gt;
      &lt;td&gt;toggle preserve case&lt;/td&gt;
    &lt;/tr&gt;
    &lt;tr&gt;
      &lt;td&gt;// 查找面板的按键绑定&lt;/td&gt;
      &lt;td&gt; &lt;/td&gt;
    &lt;/tr&gt;
    &lt;tr&gt;
      &lt;td&gt;enter&lt;/td&gt;
      &lt;td&gt;向后查找&lt;/td&gt;
    &lt;/tr&gt;
    &lt;tr&gt;
      &lt;td&gt;shift+enter&lt;/td&gt;
      &lt;td&gt;向前查找&lt;/td&gt;
    &lt;/tr&gt;
    &lt;tr&gt;
      &lt;td&gt;alt+enter&lt;/td&gt;
      &lt;td&gt;查找全部&lt;/td&gt;
    &lt;/tr&gt;
    &lt;tr&gt;
      &lt;td&gt;// 替换面板的按键绑定&lt;/td&gt;
      &lt;td&gt; &lt;/td&gt;
    &lt;/tr&gt;
    &lt;tr&gt;
      &lt;td&gt;enter&lt;/td&gt;
      &lt;td&gt;查找下一个&lt;/td&gt;
    &lt;/tr&gt;
    &lt;tr&gt;
      &lt;td&gt;shift+enter&lt;/td&gt;
      &lt;td&gt;查找前一个&lt;/td&gt;
    &lt;/tr&gt;
    &lt;tr&gt;
      &lt;td&gt;alt+enter&lt;/td&gt;
      &lt;td&gt;查找全部&lt;/td&gt;
    &lt;/tr&gt;
    &lt;tr&gt;
      &lt;td&gt;ctrl+alt+enter&lt;/td&gt;
      &lt;td&gt;替换全部&lt;/td&gt;
    &lt;/tr&gt;
    &lt;tr&gt;
      &lt;td&gt;// Incremental find panel key bindings&lt;/td&gt;
      &lt;td&gt; &lt;/td&gt;
    &lt;/tr&gt;
    &lt;tr&gt;
      &lt;td&gt;enter&lt;/td&gt;
      &lt;td&gt;hide panel&lt;/td&gt;
    &lt;/tr&gt;
    &lt;tr&gt;
      &lt;td&gt;shift+enter&lt;/td&gt;
      &lt;td&gt;find prev&lt;/td&gt;
    &lt;/tr&gt;
    &lt;tr&gt;
      &lt;td&gt;alt+enter&lt;/td&gt;
      &lt;td&gt;find all&lt;/td&gt;
    &lt;/tr&gt;
  &lt;/tbody&gt;
&lt;/table&gt;
</description>
				
				<pubDate>Wed, 20 Jul 2016 00:00:00 +0800</pubDate>
				<link>http://helloourworld.github.io/sublime</link>
				<guid isPermaLink="true">http://helloourworld.github.io/sublime</guid>
			</item>
			
		
			
			<item>
				<title>hackerrank_numpy_test</title>
				
					<description>&lt;h2 id=&quot;ipython-notebook-convert-to-blog&quot;&gt;Ipython Notebook convert to blog&lt;/h2&gt;

</description>
				
				<pubDate>Wed, 20 Jul 2016 00:00:00 +0800</pubDate>
				<link>http://helloourworld.github.io/Python_numpy2</link>
				<guid isPermaLink="true">http://helloourworld.github.io/Python_numpy2</guid>
			</item>
			
		
			
			<item>
				<title>Lev1_Corporate_Finance_basic_concept</title>
				
					<description>&lt;h2 id=&quot;capital-budgeting&quot;&gt;44 Capital Budgeting&lt;/h2&gt;
&lt;ul&gt;
  &lt;li&gt;[x] 1 Capital Budgeting的几个基本原则&lt;/li&gt;
  &lt;li&gt;[x] 2 什么是沉没成本（Sunk Cost）&lt;/li&gt;
  &lt;li&gt;[x] 3 什么是外部性（Externalities）&lt;/li&gt;
  &lt;li&gt;[x] 4 什么是同型装配（Cannibalization），以及它对现金流的影响&lt;/li&gt;
  &lt;li&gt;[x] 5 Conventional Cash Flow Pattern与Unconventional Cash Flow Pattern的区别&lt;/li&gt;
  &lt;li&gt;[x] 6 什么是机会成本（Opportunity Cost），并且明白Capital Budgeting的现金流基于机会成本考虑&lt;/li&gt;
  &lt;li&gt;[x] 7 评估资本项目的方法之一：NVP法的原理是什么&lt;/li&gt;
  &lt;li&gt;[x] 8 评估资本项目的方法之二：IRR法的原理是什么&lt;/li&gt;
  &lt;li&gt;[x] 9 评估资本项目的方法之三：PBP法的原理是什么&lt;/li&gt;
  &lt;li&gt;[x] 10 评估资本项目的方法之四：Discounted PBP法的原理是什么&lt;/li&gt;
  &lt;li&gt;[x] 11 评估资本项目的方法之五：AAR法的原理和公式?&lt;/li&gt;
  &lt;li&gt;[x] 12 罗列为什么NPV方法和IRR方法可能产生不同的衡量结果&lt;/li&gt;
&lt;/ul&gt;

</description>
				
				<pubDate>Wed, 20 Jul 2016 00:00:00 +0800</pubDate>
				<link>http://helloourworld.github.io/CFALevel1_CorpFinance</link>
				<guid isPermaLink="true">http://helloourworld.github.io/CFALevel1_CorpFinance</guid>
			</item>
			
		
			
			<item>
				<title>dialogue about start up a business</title>
				
					<description>&lt;h2 id=&quot;profile&quot;&gt;profile:&lt;/h2&gt;

</description>
				
				<pubDate>Tue, 19 Jul 2016 00:00:00 +0800</pubDate>
				<link>http://helloourworld.github.io/dialogue_startup_business</link>
				<guid isPermaLink="true">http://helloourworld.github.io/dialogue_startup_business</guid>
			</item>
			
		
			
			<item>
				<title>hackerrank_numpy</title>
				
					<description>&lt;h2 id=&quot;arrays&quot;&gt;Arrays&lt;/h2&gt;

</description>
				
				<pubDate>Tue, 19 Jul 2016 00:00:00 +0800</pubDate>
				<link>http://helloourworld.github.io/Python_numpy</link>
				<guid isPermaLink="true">http://helloourworld.github.io/Python_numpy</guid>
			</item>
			
		
			
			<item>
				<title>Lev1_FSA_basic_concept</title>
				
					<description>&lt;h2 id=&quot;financial-statement-analysis-introduction&quot;&gt;29 Financial Statement Analysis: Introduction&lt;/h2&gt;
&lt;ul&gt;
  &lt;li&gt;[x] 1 审计的三种结果的含义：Unqualified，Qualified，Adversed Opinion的分别的含义&lt;/li&gt;
  &lt;li&gt;[x] 2 MD&amp;amp;A（Management’s Discussion and Analysis）记录的内容是什么：一些Disclosure，Discussion&lt;/li&gt;
  &lt;li&gt;[x] 3 Footnotes记录什么东西：Accounting Methods，&lt;/li&gt;
  &lt;li&gt;[x] 4 Proxy Statement主要记录什么东西：有关Shareholder的信息&lt;/li&gt;
  &lt;li&gt;[x] 5 Standard Auditor’s Opinion的三部分内容&lt;/li&gt;
  &lt;li&gt;[x] 6 FSA Framework的六步：State Objective and Context；Gather Data；Process Data；Analyze Date；Report Conclusion；Update； 以及每步的输入输出&lt;/li&gt;
&lt;/ul&gt;

</description>
				
				<pubDate>Tue, 19 Jul 2016 00:00:00 +0800</pubDate>
				<link>http://helloourworld.github.io/CFALevel1_FSA</link>
				<guid isPermaLink="true">http://helloourworld.github.io/CFALevel1_FSA</guid>
			</item>
			
		
			
			<item>
				<title>Ml_fourier_transform</title>
				
					<description>&lt;h2 id=&quot;fourier-transform&quot;&gt;了解傅立叶转换（Fourier transform）&lt;/h2&gt;

</description>
				
				<pubDate>Mon, 18 Jul 2016 00:00:00 +0800</pubDate>
				<link>http://helloourworld.github.io/ML_Fourier_Transform</link>
				<guid isPermaLink="true">http://helloourworld.github.io/ML_Fourier_Transform</guid>
			</item>
			
		
			
			<item>
				<title>Lev1_Economics_basic_concept</title>
				
					<description>&lt;h2 id=&quot;introduction&quot;&gt;13 Introduction&lt;/h2&gt;
&lt;ul&gt;
  &lt;li&gt;[x] 1 Price Elasticity of Demand的定义&lt;/li&gt;
  &lt;li&gt;[x] 2 影响Price Elasticity of Demand的三个方面&lt;/li&gt;
  &lt;li&gt;[x] 3 Elastic，Inelastic，Perfectly Elastic和Perfectly Inelastic的图形表示&lt;/li&gt;
  &lt;li&gt;[x] 4 Cross Elasticity of Demand的定义&lt;/li&gt;
  &lt;li&gt;[x] 5 Income Elasticity的定义以及三个不同等级的商品与它的对应关系&lt;/li&gt;
  &lt;li&gt;[x] 6 Price Elasticity of Supply的定义&lt;/li&gt;
  &lt;li&gt;[x] 7 影响Price Elasticity of Supply的两种因素&lt;/li&gt;
  &lt;li&gt;[x] 8 理解在直线需求曲线（Straight-Ling Demand Curve）时，High Elasticity，Unitary Elasticity以及Low Elasticity的位置（Notes V2 P16）&lt;/li&gt;
  &lt;li&gt;[x] 9 Demand Curve在价格越高时弹性越大&lt;/li&gt;
&lt;/ul&gt;

</description>
				
				<pubDate>Mon, 18 Jul 2016 00:00:00 +0800</pubDate>
				<link>http://helloourworld.github.io/CFALevel1_Economics</link>
				<guid isPermaLink="true">http://helloourworld.github.io/CFALevel1_Economics</guid>
			</item>
			
		
			
			<item>
				<title>Lev1_Quants_basic_concept</title>
				
					<description>&lt;h2 id=&quot;time-value-of-money&quot;&gt;05 Time Value of Money&lt;/h2&gt;

</description>
				
				<pubDate>Sun, 17 Jul 2016 00:00:00 +0800</pubDate>
				<link>http://helloourworld.github.io/CFALevel1_Quants</link>
				<guid isPermaLink="true">http://helloourworld.github.io/CFALevel1_Quants</guid>
			</item>
			
		
			
			<item>
				<title>This is a test!</title>
				
					<description>&lt;p&gt;This is a test, some picture.&lt;/p&gt;

</description>
				
				<pubDate>Sun, 10 Jul 2016 00:00:00 +0800</pubDate>
				<link>http://helloourworld.github.io/my-weekend</link>
				<guid isPermaLink="true">http://helloourworld.github.io/my-weekend</guid>
			</item>
			
		
			
			<item>
				<title>Why I Blog？</title>
				
					<description>&lt;h2 id=&quot;section&quot;&gt;写给自己&lt;/h2&gt;

</description>
				
				<pubDate>Sat, 09 Jul 2016 00:00:00 +0800</pubDate>
				<link>http://helloourworld.github.io/why-I-blog</link>
				<guid isPermaLink="true">http://helloourworld.github.io/why-I-blog</guid>
			</item>
			
		
			
			<item>
				<title>Welcome!</title>
				
					<description>&lt;p&gt;Welcome to &lt;a href=&quot;http://www.machinelearningadvance.com&quot;&gt;Machine Learning Advance&lt;/a&gt;! From here you can Learn Machine Learning with me, thanks! Check &lt;a href=&quot;https://helloourworld.github.io/Machine_Learning_Advance/README.md&quot;&gt;README&lt;/a&gt; for more info. If you get any problems when roaming, you can ask me on &lt;a href=&quot;https://github.com/helloourworld/Machine_Learning_Advance/issues&quot;&gt;GitHub&lt;/a&gt; or contact me at &lt;a href=&quot;http://blog.sina.com.cn/u/2672280861&quot;&gt;weibo&lt;/a&gt;[@机器学习_大卫君].&lt;/p&gt;

</description>
				
				<pubDate>Sat, 02 Jul 2016 00:00:00 +0800</pubDate>
				<link>http://helloourworld.github.io/welcome</link>
				<guid isPermaLink="true">http://helloourworld.github.io/welcome</guid>
			</item>
			
		
	</channel>
</rss>

